Alain Leufroy <alain@leufroy.fr>
Albert Alarcon <albert.alarcon@edf.fr>
Alex NIETO FERRO <alex.nieto-ferro at edf.fr>
Alexandre Foucault <alexandre.foucault@edf.fr>
Alexandre Martin <alexandre-externe.martin at edf.fr>
Alexandre Martin <alexandre-externe.martin@edf.fr>
Astrid Billon <astrid.billon@edf.fr>
Aurelie Ladier <ladier@phimeca.com>
Ayaovi Dzifa Kudawoo <ayaovi-dzifa.kudawoo@edf.fr>
Ayaovi-Dzifa Kudawoo <ayaovi-dzifa.kudawoo@edf fr>
Bargellini Renaud <renaud.bargellini@edf.fr>
Bertrand PAUL <bertrand.paul at ifpen.fr>
Bertrand PAUL <bertrand.paul@polytechnique.edu>
Bertrand Paul <bertrand.paul at ifpen.fr>
Bertrand Paul <bertrand.paul@ifpen.fr>
Bertrand Paul <bertrand.paul@polytechnique.edu>
Bertrand Paul <code-aster@edf.fr>
Christophe Durand <christophe-mmn.durand@edf.fr>
Christophe REZETTE <rezette at deltacad.fr>
Code_Aster
Code_Aster <code-aster at edf fr>
Code_Aster <code-aster at edf.fr>
Code_Aster <code-aster@edf fr>
Code_Aster <code-aster@edf.fr>
Corus <mathieu.corus@edf.fr>
Cyril Kazymyrenko <kyrylo.kazymyrenko at edf.fr>
Cyril Kazymyrenko <kyrylo.kazymyrenko@edf.fr>
Daniele Colombo <daniele.colombo at ifpen.fr>
David Haboussa <David Haboussa at edf.fr>
David Haboussa <david.haboussa@edf.fr>
Denis Laxalde <denis.laxalde@logilab.fr>
Dominique Geoffroy <Dominique.Geoffroy@edf.fr>
Dzifa Kudawoo <ayaovi-dzifa.kudawoo@edf.fr>
El Hadi Moussi <moussi at phimeca.com>
El Hadi Moussi <moussi@phimeca.com>
Emilien GUILLOT <guillot@deltacad.fr>
Emmanuel BOYERE <emmanuel.boyere at edf.fr>
Emmanuel BOYERE <emmanuel.boyere@edf.fr>
Emricka Julan <emricka.julan@edf.fr>
Eric Lefebvre <eric-e.lefebvre at edf.fr>
Eric Lefebvre <eric-e.lefebvre@edf.fr>
Eric Lorentz <Eric.Lorentz at edf.fr>
Eric Lorentz <eric.lorentz@edf.fr>
Etienne Cheignon <etienne.cheignon@necs.fr>
Fabien Banci <fabien.banci@edf.fr>
Fabien Grange <fabien.grange@edf.fr>
Florian Escoffier <florian.escoffier@edf.fr>
Francis LEBOUVIER <lebouvier at deltacad.fr>
Francis Lebouvier <lebouvier@deltacad.fr>
François Hamon <francois.hamon@edf.fr>
Georges Devesa <georges-cc.devesa at edf.fr>
Gerald NICOLAS <gerald.nicolas@edf.fr>
Guilhem Ferte <guilhem.ferte at edf.fr>
Guilhem Ferte <guilhem.ferte@edf.fr>
Guillaume Drouet <guillaume.drouet at edf fr>
Guillaume Drouet <guillaume.drouet@edf.fr>
Haboussa David <david.haboussa@edf.fr>
Hassan Berro <hassan.berro at edf.fr>
Hassan Berro <hassan.berro@edf.fr>
Irmela Zentner <irmela.zentner@edf.fr>
Isabelle Fournier <isabelle.fournier@edf.fr>
Jacques Pellet <jacques.pellet@edf fr>
Jacques Pellet <jacques.pellet@edf.fr>
Jean-Luc Fléjou <jean-luc.flejou at edf.fr>
Jean-Luc Fléjou <jean-luc.flejou@edf.fr>
Jean-Michel Proix <jean-michel.proix@edf fr>
Jean-Michel Proix <jean-michel.proix@edf.fr>
Jean-Pierre Lefebvre
Jean-Pierre Lefebvre <j-pierre.lefebvre at edf.fr>
Jean-Pierre Lefebvre <j-pierre.lefebvre@edf.fr>
Jean-Pierre lefebvre <j-pierre.lefebvre@edf.fr>
Jerome Beaurain <jerome.beaurain@edf.fr>
Jerome Laverne <jerome.laverne at edf.fr>
Jessica Haelewyn <jessica.haelewyn at edf.fr>
Josselin DELMAS <josselin.delmas at edf fr>
Josselin DELMAS <josselin.delmas at edf.fr>
Josselin DELMAS <josselin.delmas@edf.fr>
Julie Fouque <julie.fouque@edf.fr>
Julie Fouque <julie.fouqueatedf.fr>
Karina Macocco <macocco@phimeca.com>
Ludovic Idoux <ludovic.idoux@edf.fr>
M.Amine HASSINI <mohamed-amine.hassini@edf.fr>
Marc BONNAMY <mbonnamy@ausy.fr>
Marc Kham <marc.kham@edf.fr>
Marcel Ndeffo <code-aster at edf.fr>
Marcel Ndeffo <marcel-m-externe.ndeffo@edf.fr>
Marcel Ndeffo <marcel.ndeffo@edf.fr>
Marcel Ndeffo <marcel.ndeffo@gmail.com>
Marina Bottoni <code-aster at edf.fr>
Marina Bottoni <marina.bottoni@edf.fr>
Mathias Rosier <rosier at phimeca.com>
Mathieu Corus <mathieu.corus at edf.fr>
Mathieu Courtois <mathieu.courtois at edf.fr>
Mathieu Courtois <mathieu.courtois@edf.fr>
Mathieu Courtois <mathieu.courtois@gmail.com>
Matthias Rosier <rosier@phimeca.com>
Matthias Rosier <rosier@phimeca.fr>
Matthieu Lecren <matthieu.le-cren@edf.fr>
Maximilien Siavelis  <maximilien.siavelis@alneos.fr>
Maximilien Siavelis <maximilien.siavelis@alneos.fr>
Mickael ABBAS <mickael.abbas@edf.Fr>
Mickael ABBAS <mickael.abbas@edf.fr>
Mickael Abbas <mickael.abbas@edf.fr>
Mickael_Abbas <mickael.abbas@free.fr>
Mickaël ABBAS <mickael.abbas@edf.fr>
Mohamed Torkhani <mohamed.torkhani@edf.fr>
Natacha Bereux <code-aster at edf.fr>
Natacha Bereux <natacha.bereux at edf.fr>
Natacha Bereux <natacha.bereux@edf.fr>
Natacha Béreux <natacha.bereux@edf.fr>
Natacha Béreux <natacha.bereux@edf.fr>
Nathan Lauzeral <nathan.lauzeral@edf.fr>
Ndeffo Marcel <marcel.ndeffo at edf.fr>
Ndeffo Marcel <marcel.ndeffo at gmail.com>
Ndeffo Marcel <marcel.ndeffo@edf fr>
Ndeffo Marcel <marcel.ndeffo@gmail.com>
Nicolas BRIE <nicolas.brie at edf.fr>
Nicolas BRIE <nicolas.brie@edf.fr>
Nicolas Chauvat <nicolas.chauvat@logilab.fr>
Nicolas GUILLOTEAU <nicolas.guilloteau@edf.fr>
Nicolas Greffet <nicolas.greffet@edf.fr>
Nicolas Sellenet <Nicolas.Sellenet@edf.fr>
Nicolas Sellenet <nicolas.sellenet at edf.fr>
Nicolas Tardieu <nicolas.tardieu@edf.fr>
Olivier Boiteau <olivier.boiteau@edf.fr>
Pierre Badel <pierre.badel at edf.fr>
Pierre Badel <pierre.badel@edf.fr>
Robin Degeilh <robin.degeilh@edf.fr>
Rosier Matthias <rosier at phimeca.com>
Sam Cuvilliez <sam.cuvilliez at edf.fr>
Sam Cuvilliez <sam.cuvilliez@edf.fr>
Samuel Geniaut <samuel.geniaut@edf.fr>
Sarah Plessis <sarah.plessis@edf.fr>
Sebastien Fayolle <sebastien.fayolle@edf.fr>
Simon Raude <simon.raude@edf.fr>
Stefan Reiterer <maldun.finsterschreck@gmail.com>
Stefan Reiterer <stefan.harald.reiterer@gmail.com>
Sylvie Audebert <sylvie.audebert@edf.fr>
Sylvie GRANET <sylvie.granet at edf.fr>
Sylvie Granet <sylvie.granet@edf.fr>
The-Hiep CHAU <the-hiep.chau@edf.fr>
Thomas DE SOZA <thomas.de-soza at edf.fr>
Thomas DE SOZA <thomas.de-soza@edf.fr>
Thomas DE SOZA <thomas.desoza at gmail.com>
Thomas DE-SOZA <thomas.de-soza at edf.fr>
Van-Xuan Tran <van-xuan.tran@edf.fr>
Vinicius Alves Fernandes <vinicius.alves-fernandes@edf.fr>
Vinicius Alves-Fernandes <vinicius.alves-fernandes@edf.fr>
Véronique Le Corvec <vlc@necs.fr>
ayaovi-dzifa Kudawoo <ayaovi-dzifa.kudawoo@edf.fr>
ayaovi-dzifa.kudawoo <ayaovi-dzifa.kudawoo@edf.fr>
cheignon <etienne.cheignon@necs.fr>
fournier@claut629.der.edf.fr
francois hamon <francois.hamon@edf.fr>
harinaivo andriambololona <harinaivo.andriambololona@edf.fr>
lecorvec <vlc@necs.fr>
marcel ndeffo <code-aster at edf.fr>
philippe debonnieres <philippe.de-bonnieres@edf.fr>
sofiane hendili <sofiane.hendili at edf.fr>
xavier desroches <xavier.desroches@edf.fr>
